<?xml version="1.0" encoding="UTF-8"?>
<!-- vi: set et smarttab sw=4 tabstop=4: -->
<!--
bootcamp and others.  All rights reserved.

This program and the accompanying materials are made available under the
terms of the Eclipse Public License v1.0 which accompanies this distribution,
and is available at http://www.eclipse.org/legal/epl-v10.html
-->
<snapshot>
  <required-capabilities>
      <capability>urn:opendaylight:params:xml:ns:yang:upgrade:impl?module=upgrade-impl&amp;revision=2015-12-21</capability>
      <capability>urn:opendaylight:params:xml:ns:yang:controller:md:sal:binding?module=opendaylight-md-sal-binding&amp;revision=2013-10-28</capability>
  </required-capabilities>

  <configuration>
    <data xmlns="urn:ietf:params:xml:ns:netconf:base:1.0">
      <modules xmlns="urn:opendaylight:params:xml:ns:yang:controller:config">
      
        <module>
          <type xmlns:prefix="urn:opendaylight:params:xml:ns:yang:upgrade:impl">prefix:upgrade</type>
          <name>upgrade-default</name>
          
          <nc-client>
            <type xmlns:prefix="urn:opendaylight:params:xml:ns:yang:netconfclient:impl">prefix:netconfclient-connection-service</type>
            <name>netconfclient-connection-service</name>
          </nc-client>
          
          <broker>
            <type xmlns:binding="urn:opendaylight:params:xml:ns:yang:controller:md:sal:binding">binding:binding-broker-osgi-registry</type>
            <name>binding-osgi-broker</name>
          </broker>
          
        </module>
        
      </modules>

      <services xmlns="urn:opendaylight:params:xml:ns:yang:controller:config">
        <service>
          <type xmlns:prefix="urn:opendaylight:params:xml:ns:yang:upgrade:impl">
            prefix:upgrade-service
          </type>
          <instance>
            <name>upgrade-service</name>
            <provider>/modules/module[type='upgrade'][name='upgrade-default']</provider>
          </instance>
        </service>
      </services>
      
    </data>
  </configuration>
</snapshot>
