{"id":"a885ead4-0d74-c073-271d-f16835726566","name":"DevNet-d1","timestamp":1428447613125,"requests":[{"collectionId":"a885ead4-0d74-c073-271d-f16835726566","id":"0ff9164e-ede9-f640-90f3-fe29937e1a10","name":"Mount-node","description":"mounting XRv1","url":"http://localhost:8181/restconf/config/opendaylight-inventory:nodes/node/controller-config/yang-ext:mount/config:modules","method":"POST","headers":"Content-Type: application/xml\nAccept: application/xml\n","data":"<module xmlns=\"urn:opendaylight:params:xml:ns:yang:controller:config\">\n        <type\n                xmlns:prefix=\"urn:opendaylight:params:xml:ns:yang:controller:md:sal:connector:netconf\">prefix:sal-netconf-connector</type>\n        <name>xrvr1</name>\n        <address\n                xmlns=\"urn:opendaylight:params:xml:ns:yang:controller:md:sal:connector:netconf\">172.16.1.164</address>\n        <port\n                xmlns=\"urn:opendaylight:params:xml:ns:yang:controller:md:sal:connector:netconf\">830</port>\n        <username\n                xmlns=\"urn:opendaylight:params:xml:ns:yang:controller:md:sal:connector:netconf\">cisco</username>\n        <password\n                xmlns=\"urn:opendaylight:params:xml:ns:yang:controller:md:sal:connector:netconf\">cisco</password>\n        <tcp-only\n                xmlns=\"urn:opendaylight:params:xml:ns:yang:controller:md:sal:connector:netconf\">false</tcp-only>\n        <event-executor\n                xmlns=\"urn:opendaylight:params:xml:ns:yang:controller:md:sal:connector:netconf\">\n                <type xmlns:prefix=\"urn:opendaylight:params:xml:ns:yang:controller:netty\">prefix:netty-event-executor</type>\n                <name>global-event-executor</name>\n        </event-executor>\n        <binding-registry\n                xmlns=\"urn:opendaylight:params:xml:ns:yang:controller:md:sal:connector:netconf\">\n                <type xmlns:prefix=\"urn:opendaylight:params:xml:ns:yang:controller:md:sal:binding\">prefix:binding-broker-osgi-registry</type>\n                <name>binding-osgi-broker</name>\n        </binding-registry>\n        <dom-registry\n                xmlns=\"urn:opendaylight:params:xml:ns:yang:controller:md:sal:connector:netconf\">\n                <type xmlns:prefix=\"urn:opendaylight:params:xml:ns:yang:controller:md:sal:dom\">prefix:dom-broker-osgi-registry</type>\n                <name>dom-broker</name>\n        </dom-registry>\n        <client-dispatcher\n                xmlns=\"urn:opendaylight:params:xml:ns:yang:controller:md:sal:connector:netconf\">\n                <type xmlns:prefix=\"urn:opendaylight:params:xml:ns:yang:controller:config:netconf\">prefix:netconf-client-dispatcher</type>\n                <name>global-netconf-dispatcher</name>\n        </client-dispatcher>\n        <processing-executor\n                xmlns=\"urn:opendaylight:params:xml:ns:yang:controller:md:sal:connector:netconf\">\n                <type xmlns:prefix=\"urn:opendaylight:params:xml:ns:yang:controller:threadpool\">\n                        prefix:threadpool</type>\n                <name>global-netconf-processing-executor</name>\n        </processing-executor>\n</module>","dataMode":"raw","timestamp":0,"responses":[],"version":2},{"collectionId":"a885ead4-0d74-c073-271d-f16835726566","id":"12aa988c-d94a-c3c3-ab91-94290ed1ac91","name":"Get-Interfaces","description":"Browse mounted device interfaces","url":"http://localhost:8181/restconf/config/opendaylight-inventory:nodes/node/xrv-187/yang-ext:mount/Cisco-IOS-XR-ifmgr-cfg:interface-configurations","method":"GET","headers":"Content-Type: application/xml\nAccept: application/xml\n","data":"<cdp \n    xmlns=\"http://cisco.com/ns/yang/Cisco-IOS-XR-cdp-cfg\">\n    <enable>true</enable>\n</cdp>","dataMode":"params","timestamp":0,"version":2,"time":1429244396502},{"collectionId":"a885ead4-0d74-c073-271d-f16835726566","id":"36c99a99-52d0-9fe8-3c78-f78e43a6b96f","name":"Get-ODL-Config-Topology","description":"read topology from ODL's perspective","url":"http://localhost:8181/restconf/config/opendaylight-inventory:nodes/","method":"GET","headers":"Content-Type: application/xml\nAccept: application/xml\n","data":"","dataMode":"raw","timestamp":0,"responses":[],"version":2},{"collectionId":"a885ead4-0d74-c073-271d-f16835726566","id":"4237abe5-8c9d-88c0-692f-31d1aabe5f58","name":"Get-vty","description":"Browse mounted device vty configuration","url":"http://localhost:8181/restconf/operational/opendaylight-inventory:nodes/node/xrv-187/yang-ext:mount/Cisco-IOS-XR-tty-vty-cfg:vty","method":"GET","headers":"Content-Type: application/xml\nAccept: application/xml\n","data":"<cdp \n    xmlns=\"http://cisco.com/ns/yang/Cisco-IOS-XR-cdp-cfg\">\n    <enable>true</enable>\n</cdp>","dataMode":"params","timestamp":0,"version":2,"time":1429244440418},{"collectionId":"a885ead4-0d74-c073-271d-f16835726566","id":"84883e55-2afc-716e-dd17-69166847556b","name":"Get-ODL-Oper-Topology-Capabilities","description":"list APIs available on mounted devices","url":"http://localhost:8181/restconf/operational/opendaylight-inventory:nodes/","method":"GET","headers":"Content-Type: application/xml\nAccept: application/xml\n","data":"<module xmlns=\"urn:opendaylight:params:xml:ns:yang:controller:config\">\n        <type\n                xmlns:prefix=\"urn:opendaylight:params:xml:ns:yang:controller:md:sal:connector:netconf\">prefix:sal-netconf-connector</type>\n        <name>xrvr2</name>\n        <address\n                xmlns=\"urn:opendaylight:params:xml:ns:yang:controller:md:sal:connector:netconf\">172.16.1.165</address>\n        <port\n                xmlns=\"urn:opendaylight:params:xml:ns:yang:controller:md:sal:connector:netconf\">830</port>\n        <username\n                xmlns=\"urn:opendaylight:params:xml:ns:yang:controller:md:sal:connector:netconf\">cisco</username>\n        <password\n                xmlns=\"urn:opendaylight:params:xml:ns:yang:controller:md:sal:connector:netconf\">cisco</password>\n        <tcp-only\n                xmlns=\"urn:opendaylight:params:xml:ns:yang:controller:md:sal:connector:netconf\">false</tcp-only>\n        <event-executor\n                xmlns=\"urn:opendaylight:params:xml:ns:yang:controller:md:sal:connector:netconf\">\n                <type xmlns:prefix=\"urn:opendaylight:params:xml:ns:yang:controller:netty\">prefix:netty-event-executor</type>\n                <name>global-event-executor</name>\n        </event-executor>\n        <binding-registry\n                xmlns=\"urn:opendaylight:params:xml:ns:yang:controller:md:sal:connector:netconf\">\n                <type xmlns:prefix=\"urn:opendaylight:params:xml:ns:yang:controller:md:sal:binding\">prefix:binding-broker-osgi-registry</type>\n                <name>binding-osgi-broker</name>\n        </binding-registry>\n        <dom-registry\n                xmlns=\"urn:opendaylight:params:xml:ns:yang:controller:md:sal:connector:netconf\">\n                <type xmlns:prefix=\"urn:opendaylight:params:xml:ns:yang:controller:md:sal:dom\">prefix:dom-broker-osgi-registry</type>\n                <name>dom-broker</name>\n        </dom-registry>\n        <client-dispatcher\n                xmlns=\"urn:opendaylight:params:xml:ns:yang:controller:md:sal:connector:netconf\">\n                <type xmlns:prefix=\"urn:opendaylight:params:xml:ns:yang:controller:config:netconf\">prefix:netconf-client-dispatcher</type>\n                <name>global-netconf-dispatcher</name>\n        </client-dispatcher>\n        <processing-executor\n                xmlns=\"urn:opendaylight:params:xml:ns:yang:controller:md:sal:connector:netconf\">\n                <type xmlns:prefix=\"urn:opendaylight:params:xml:ns:yang:controller:threadpool\">\n                        prefix:threadpool</type>\n                <name>global-netconf-processing-executor</name>\n        </processing-executor>\n</module>","dataMode":"raw","timestamp":0,"responses":[],"version":2},{"collectionId":"a885ead4-0d74-c073-271d-f16835726566","id":"bb744b03-40dc-1b2b-8052-96b56313eda0","name":"Set-CDP","description":"Enable or Disable CDP","url":"http://localhost:8181/restconf/config/opendaylight-inventory:nodes/node/xrv-187/yang-ext:mount/Cisco-IOS-XR-cdp-cfg:cdp/","method":"PUT","headers":"Content-Type: application/xml\nAccept: application/xml\n","data":"<cdp \n    xmlns=\"http://cisco.com/ns/yang/Cisco-IOS-XR-cdp-cfg\">\n    <enable>false</enable>\n</cdp>","dataMode":"raw","timestamp":0,"version":2,"time":1429244545110},{"collectionId":"a885ead4-0d74-c073-271d-f16835726566","id":"cb0b5bd6-31d0-60a4-6c2c-9d7e3de6a828","name":"Get-Network-Topology","description":"Read the controller network topology","url":"http://localhost:8181/restconf/config/network-topology:network-topology/","method":"GET","headers":"Content-Type: application/xml\nAccept: application/xml\n","data":"","dataMode":"raw","timestamp":0,"responses":[],"version":2},{"collectionId":"a885ead4-0d74-c073-271d-f16835726566","id":"d0613f27-0616-b2d4-d0c4-7d6a18fb805b","name":"Browse-node","description":"Browse mounted device","url":"http://localhost:8181/restconf/config/opendaylight-inventory:nodes/node/xrv-187/yang-ext:mount","method":"GET","headers":"Content-Type: application/xml\nAccept: application/xml\n","data":"<cdp \n    xmlns=\"http://cisco.com/ns/yang/Cisco-IOS-XR-cdp-cfg\">\n    <enable>true</enable>\n</cdp>","dataMode":"params","timestamp":0,"version":2,"time":1429244359875},{"collectionId":"a885ead4-0d74-c073-271d-f16835726566","id":"f1327d90-963b-d1e5-f7ba-87aa0b33e73d","name":"Delete-node","description":"Remove a node from the topology","url":"http://localhost:8181/restconf/config/network-topology:network-topology/topology/topology-netconf/node/xrv-187/","method":"DELETE","headers":"Content-Type: application/xml\nAccept: application/xml\n","data":"","dataMode":"raw","timestamp":0,"responses":[],"version":2},{"collectionId":"a885ead4-0d74-c073-271d-f16835726566","id":"f6013bcd-03c4-46ac-66f1-34ff9be4628c","name":"Get-CDP","description":"Read CDP configuration data","url":"http://localhost:8181/restconf/config/opendaylight-inventory:nodes/node/xrv-187/yang-ext:mount/Cisco-IOS-XR-cdp-cfg:cdp/","method":"GET","headers":"Content-Type: application/xml\nAccept: application/xml\n","data":"<cdp \n    xmlns=\"http://cisco.com/ns/yang/Cisco-IOS-XR-cdp-cfg\">\n    <enable>true</enable>\n</cdp>","dataMode":"params","timestamp":0,"version":2,"time":1429244379789}]}
