{"id":"ddf7f1d9-7e4e-dc0d-3e55-431042061507","name":"mdsal-ncmount","timestamp":1428966204710,"order":["1d2cbc47-5888-6e3c-de23-235ddd1339e4","786c640e-f325-b36c-e34c-a404d040289f","052c46b1-c77a-25de-3045-a6110e952fb6","74ca7ab9-719f-6e15-2a48-f939b81fdbe2","279dfea3-06ef-9ac0-0068-c743f0e69da5","79c3e048-306f-6766-5f27-a934068559b3","6ddef3f6-35ed-3cf4-f7ae-1188fc94046a","48371ec2-573a-5f62-e01b-c7d7e60984d8","7eb50873-3646-7867-f530-9bbf6986266d","6419fd4a-2d55-fe35-c53e-fa93136d6bc6"],"requests":[{"collectionId":"ddf7f1d9-7e4e-dc0d-3e55-431042061507","id":"052c46b1-c77a-25de-3045-a6110e952fb6","name":"show-node testtool","description":"","url":"http://localhost:8181/restconf/operations/ncmount:show-node","method":"POST","headers":"Content-Type: application/xml\nAccept: application/xml\n","data":"<input xmlns=\"urn:opendaylight:params:xml:ns:yang:ncmount\">\n   <node-name>testtool</node-name>\n</input>","dataMode":"raw","timestamp":0,"responses":[],"version":2},{"collectionId":"ddf7f1d9-7e4e-dc0d-3e55-431042061507","id":"1d2cbc47-5888-6e3c-de23-235ddd1339e4","name":"list-nodes","description":"","url":"http://localhost:8181/restconf/operations/ncmount:list-nodes","method":"POST","headers":"Content-Type: application/xml\nAccept: application/xml\n","data":"","dataMode":"raw","timestamp":0,"responses":[],"version":2},{"collectionId":"ddf7f1d9-7e4e-dc0d-3e55-431042061507","id":"279dfea3-06ef-9ac0-0068-c743f0e69da5","name":"verify connection testtool","description":"","url":"http://localhost:8181/restconf/operational/network-topology:network-topology/topology/topology-netconf/node/testtool","method":"GET","headers":"Content-Type: application/json\nAccept: application/json\n","data":"{ \"module\": {\n                \"type\": \"odl-sal-netconf-connector-cfg:sal-netconf-connector\",\n                \"name\": \"testtool2\",\n                \"odl-sal-netconf-connector-cfg:sleep-factor\": 1.5,\n                \"odl-sal-netconf-connector-cfg:between-attempts-timeout-millis\": 2000,\n                \"odl-sal-netconf-connector-cfg:address\": \"127.0.0.1\",\n                \"odl-sal-netconf-connector-cfg:username\": \"admin\",\n                \"odl-sal-netconf-connector-cfg:dom-registry\": {\n                    \"type\": \"opendaylight-md-sal-dom:dom-broker-osgi-registry\",\n                    \"name\": \"dom-broker\"\n                },\n                \"odl-sal-netconf-connector-cfg:client-dispatcher\": {\n                    \"type\": \"odl-netconf-cfg:netconf-client-dispatcher\",\n                    \"name\": \"global-netconf-dispatcher\"\n                },\n                \"odl-sal-netconf-connector-cfg:password\": \"admin\",\n                \"odl-sal-netconf-connector-cfg:reconnect-on-changed-schema\": true,\n                \"odl-sal-netconf-connector-cfg:binding-registry\": {\n                    \"type\": \"opendaylight-md-sal-binding:binding-broker-osgi-registry\",\n                    \"name\": \"binding-osgi-broker\"\n                },\n                \"odl-sal-netconf-connector-cfg:max-connection-attempts\": 0,\n                \"odl-sal-netconf-connector-cfg:connection-timeout-millis\": 20000,\n                \"odl-sal-netconf-connector-cfg:tcp-only\": false,\n                \"odl-sal-netconf-connector-cfg:event-executor\": {\n                    \"type\": \"netty:netty-event-executor\",\n                    \"name\": \"global-event-executor\"\n                },\n                \"odl-sal-netconf-connector-cfg:port\": 17830,\n                \"odl-sal-netconf-connector-cfg:processing-executor\": {\n                    \"type\": \"threadpool:threadpool\",\n                    \"name\": \"global-netconf-processing-executor\"\n                }\n            }\n}","dataMode":"raw","timestamp":0,"responses":[],"version":2},{"collectionId":"ddf7f1d9-7e4e-dc0d-3e55-431042061507","id":"48371ec2-573a-5f62-e01b-c7d7e60984d8","name":"show-node iosxrv-1","description":"","url":"http://localhost:8181/restconf/operations/ncmount:show-node","method":"POST","headers":"Content-Type: application/xml\nAccept: application/xml\n","data":"<input xmlns=\"urn:opendaylight:params:xml:ns:yang:ncmount\">\n   <node-name>iosxrv-1</node-name>\n</input>","dataMode":"raw","timestamp":0,"responses":[],"version":2},{"collectionId":"ddf7f1d9-7e4e-dc0d-3e55-431042061507","id":"6419fd4a-2d55-fe35-c53e-fa93136d6bc6","name":"verify interface iosxrv-1","description":"","url":"http://localhost:8181/restconf/config/network-topology:network-topology/topology/topology-netconf/node/iosxrv-1/yang-ext:mount/Cisco-IOS-XR-ifmgr-cfg:interface-configurations","method":"GET","headers":"Content-Type: application/xml\nAccept: application/xml\n","data":"<input xmlns=\"urn:opendaylight:params:xml:ns:yang:ncmount\">\n   <node-name>iosxrv-1</node-name>\n</input>","dataMode":"raw","timestamp":0,"responses":[],"version":2},{"collectionId":"ddf7f1d9-7e4e-dc0d-3e55-431042061507","id":"6ddef3f6-35ed-3cf4-f7ae-1188fc94046a","name":"mount iosxrv-1","description":"","url":"http://localhost:8181/restconf/config/network-topology:network-topology/topology/topology-netconf/node/controller-config/yang-ext:mount/config:modules","method":"POST","headers":"Content-Type: application/json\nAccept: application/json\n","data":"{ \"module\": {\n                \"type\": \"odl-sal-netconf-connector-cfg:sal-netconf-connector\",\n                \"name\": \"iosxrv-1\",\n                \"odl-sal-netconf-connector-cfg:sleep-factor\": 1.5,\n                \"odl-sal-netconf-connector-cfg:between-attempts-timeout-millis\": 2000,\n                \"odl-sal-netconf-connector-cfg:address\": \"172.16.1.60\",\n                \"odl-sal-netconf-connector-cfg:username\": \"cisco\",\n                \"odl-sal-netconf-connector-cfg:dom-registry\": {\n                    \"type\": \"opendaylight-md-sal-dom:dom-broker-osgi-registry\",\n                    \"name\": \"dom-broker\"\n                },\n                \"odl-sal-netconf-connector-cfg:client-dispatcher\": {\n                    \"type\": \"odl-netconf-cfg:netconf-client-dispatcher\",\n                    \"name\": \"global-netconf-dispatcher\"\n                },\n                \"odl-sal-netconf-connector-cfg:password\": \"cisco\",\n                \"odl-sal-netconf-connector-cfg:reconnect-on-changed-schema\": true,\n                \"odl-sal-netconf-connector-cfg:binding-registry\": {\n                    \"type\": \"opendaylight-md-sal-binding:binding-broker-osgi-registry\",\n                    \"name\": \"binding-osgi-broker\"\n                },\n                \"odl-sal-netconf-connector-cfg:max-connection-attempts\": 0,\n                \"odl-sal-netconf-connector-cfg:connection-timeout-millis\": 20000,\n                \"odl-sal-netconf-connector-cfg:tcp-only\": false,\n                \"odl-sal-netconf-connector-cfg:event-executor\": {\n                    \"type\": \"netty:netty-event-executor\",\n                    \"name\": \"global-event-executor\"\n                },\n                \"odl-sal-netconf-connector-cfg:port\": 830,\n                \"odl-sal-netconf-connector-cfg:processing-executor\": {\n                    \"type\": \"threadpool:threadpool\",\n                    \"name\": \"global-netconf-processing-executor\"\n                }\n            }\n}","dataMode":"raw","timestamp":0,"responses":[],"version":2},{"collectionId":"ddf7f1d9-7e4e-dc0d-3e55-431042061507","id":"74ca7ab9-719f-6e15-2a48-f939b81fdbe2","name":"add interface testtool","description":"","url":"http://localhost:8181/restconf/config/network-topology:network-topology/topology/topology-netconf/node/testtool/yang-ext:mount/Cisco-IOS-XR-ifmgr-cfg:interface-configurations","method":"POST","headers":"Content-Type: application/xml\nAccept: application/xml\n","data":"<interface-configuration xmlns=\"http://cisco.com/ns/yang/Cisco-IOS-XR-ifmgr-cfg\">\n    <active>act</active>\n    <interface-name>mpls</interface-name>\n    <description>Interface description</description>\n    <bandwidth>32</bandwidth>\n    <link-status></link-status>\n</interface-configuration>","dataMode":"raw","timestamp":0,"responses":[],"version":2},{"collectionId":"ddf7f1d9-7e4e-dc0d-3e55-431042061507","id":"786c640e-f325-b36c-e34c-a404d040289f","name":"mount testtool","description":"","url":"http://localhost:8181/restconf/config/network-topology:network-topology/topology/topology-netconf/node/controller-config/yang-ext:mount/config:modules","method":"POST","headers":"Content-Type: application/json\nAccept: application/json\n","data":"{ \"module\": {\n                \"type\": \"odl-sal-netconf-connector-cfg:sal-netconf-connector\",\n                \"name\": \"testtool\",\n                \"odl-sal-netconf-connector-cfg:sleep-factor\": 1.5,\n                \"odl-sal-netconf-connector-cfg:between-attempts-timeout-millis\": 2000,\n                \"odl-sal-netconf-connector-cfg:address\": \"127.0.0.1\",\n                \"odl-sal-netconf-connector-cfg:username\": \"admin\",\n                \"odl-sal-netconf-connector-cfg:dom-registry\": {\n                    \"type\": \"opendaylight-md-sal-dom:dom-broker-osgi-registry\",\n                    \"name\": \"dom-broker\"\n                },\n                \"odl-sal-netconf-connector-cfg:client-dispatcher\": {\n                    \"type\": \"odl-netconf-cfg:netconf-client-dispatcher\",\n                    \"name\": \"global-netconf-dispatcher\"\n                },\n                \"odl-sal-netconf-connector-cfg:password\": \"admin\",\n                \"odl-sal-netconf-connector-cfg:reconnect-on-changed-schema\": true,\n                \"odl-sal-netconf-connector-cfg:binding-registry\": {\n                    \"type\": \"opendaylight-md-sal-binding:binding-broker-osgi-registry\",\n                    \"name\": \"binding-osgi-broker\"\n                },\n                \"odl-sal-netconf-connector-cfg:max-connection-attempts\": 0,\n                \"odl-sal-netconf-connector-cfg:connection-timeout-millis\": 20000,\n                \"odl-sal-netconf-connector-cfg:tcp-only\": false,\n                \"odl-sal-netconf-connector-cfg:event-executor\": {\n                    \"type\": \"netty:netty-event-executor\",\n                    \"name\": \"global-event-executor\"\n                },\n                \"odl-sal-netconf-connector-cfg:port\": 17830,\n                \"odl-sal-netconf-connector-cfg:processing-executor\": {\n                    \"type\": \"threadpool:threadpool\",\n                    \"name\": \"global-netconf-processing-executor\"\n                }\n            }\n}","dataMode":"raw","timestamp":0,"responses":[],"version":2},{"collectionId":"ddf7f1d9-7e4e-dc0d-3e55-431042061507","id":"79c3e048-306f-6766-5f27-a934068559b3","name":"verify interface testtool","description":"","url":"http://localhost:8181/restconf/config/network-topology:network-topology/topology/topology-netconf/node/testtool/yang-ext:mount/Cisco-IOS-XR-ifmgr-cfg:interface-configurations","method":"GET","headers":"Content-Type: application/xml\nAccept: application/xml\n","data":"<input xmlns=\"urn:opendaylight:params:xml:ns:yang:ncmount\">\n   <node-name>iosxrv-1</node-name>\n</input>","dataMode":"raw","timestamp":0,"version":2},{"collectionId":"ddf7f1d9-7e4e-dc0d-3e55-431042061507","id":"7eb50873-3646-7867-f530-9bbf6986266d","name":"verify connection iosxrv-1","description":"","url":"http://localhost:8181/restconf/operational/network-topology:network-topology/topology/topology-netconf/node/iosxrv-1","method":"GET","headers":"Content-Type: application/json\nAccept: application/json\n","data":"<input xmlns=\"urn:opendaylight:params:xml:ns:yang:ncmount\">\n   <node-name>iosxrv-1</node-name>\n</input>","dataMode":"raw","timestamp":0,"responses":[],"version":2}]}