{"id":"5a16d226-c91c-4bd8-de24-6055dfa3c48a","name":"mdsal-toaster-ch6","timestamp":1429139039164,"requests":[{"collectionId":"5a16d226-c91c-4bd8-de24-6055dfa3c48a","id":"27b46683-e936-1567-9c6b-7dddadfe59c4","name":"rpc make-toast","description":"","url":"http://localhost:8181/restconf/operations/toaster:make-toast","method":"POST","headers":"Content-Type: application/json\nAccept: application/json\n","data":"{\n  \"input\" :\n  {\n     \"toaster:toasterDoneness\" : \"10\",\n     \"toaster:toasterToastType\" : \"wheat-bread\"\n  }\n}","dataMode":"raw","timestamp":0,"responses":[],"version":2},{"collectionId":"5a16d226-c91c-4bd8-de24-6055dfa3c48a","id":"72794937-9f20-33e4-cfbf-8c5896f78ebe","name":"rpc cancel-toast","description":"","url":"http://localhost:8181/restconf/operations/toaster:restock-toaster","method":"POST","headers":"Content-Type: application/json\nAccept: application/json\n","data":"{ \"input\" : \n  { \n    \"amountOfBreadToStock\" : \"100\"\n  }\n}","dataMode":"raw","timestamp":0,"responses":[],"version":2},{"collectionId":"5a16d226-c91c-4bd8-de24-6055dfa3c48a","id":"b2904dd2-0d5c-faf1-bd3a-6ff54d559753","name":"rpc cancel-toast","description":"","url":"http://localhost:8181/restconf/operations/toaster:cancel-toast","method":"POST","headers":"Content-Type: application/json\nAccept: application/json\n","data":"","dataMode":"raw","timestamp":0,"responses":[],"version":2}]}