{"id":"a70117b8-af02-c562-cc41-c03bf38bdc9c","name":"mdsal-toaster-ch4","timestamp":1429136935712,"requests":[{"collectionId":"a70117b8-af02-c562-cc41-c03bf38bdc9c","id":"52984154-20d1-51c7-9689-3b5d19603795","name":"config/toaster:toaster","description":"","url":"http://localhost:8181/restconf/config/toaster:toaster","method":"GET","headers":"Content-Type: application/json\nAccept: application/json\n","data":"{\n    \"toaster\": {\n        \"darknessFactor\": 333\n    }\n}","dataMode":"raw","timestamp":0,"responses":[],"version":2},{"collectionId":"a70117b8-af02-c562-cc41-c03bf38bdc9c","id":"76069832-31f4-58b7-3660-b5a80d25f5e0","name":"operational/toaster:toaster","description":"","url":"http://localhost:8181/restconf/operational/toaster:toaster","method":"GET","headers":"Content-Type: application/json\nAccept: application/json\n","data":"{\n    \"toaster\": {\n        \"darknessFactor\": 333\n    }\n}","dataMode":"raw","timestamp":0,"responses":[],"version":2}]}