{"id":"84aec84a-704c-3fc2-9041-d378d53f153f","name":"mdsal-toaster-ch5","timestamp":1429138133375,"requests":[{"collectionId":"84aec84a-704c-3fc2-9041-d378d53f153f","id":"2e04f963-4732-8818-1de6-e2451fdfea12","name":"rpc restock-toaster","description":"","url":"http://localhost:8181/restconf/operations/toaster:restock-toaster","method":"POST","headers":"Content-Type: application/json\nAccept: application/json\n","data":"{ \"input\" : \n  { \n    \"amountOfBreadToStock\" : \"100\"\n  }\n}","dataMode":"raw","timestamp":0,"responses":[],"version":2},{"collectionId":"84aec84a-704c-3fc2-9041-d378d53f153f","id":"42a89a9a-9c82-f664-6206-065d44eeb404","name":"rpc make-toast","description":"","url":"http://localhost:8181/restconf/operations/toaster:make-toast","method":"POST","headers":"Content-Type: application/json\nAccept: application/json\n","data":"{\n  \"input\" :\n  {\n     \"toaster:toasterDoneness\" : \"10\",\n     \"toaster:toasterToastType\" : \"wheat-bread\"\n  }\n}","dataMode":"raw","timestamp":0,"responses":[],"version":2},{"collectionId":"84aec84a-704c-3fc2-9041-d378d53f153f","id":"a565b6e7-eec2-d5ad-6005-daef871cf243","name":"rpc cancel-toast","description":"","url":"http://localhost:8181/restconf/operations/toaster:cancel-toast","method":"POST","headers":"Content-Type: application/json\nAccept: application/json\n","data":"","dataMode":"raw","timestamp":0,"responses":[],"version":2}]}