<?xml version="1.0" encoding="UTF-8"?>
<!-- vi: set et smarttab sw=4 tabstop=4: -->
<!--
alibaba and others.  All rights reserved.

This program and the accompanying materials are made available under the
terms of the Eclipse Public License v1.0 which accompanies this distribution,
and is available at http://www.eclipse.org/legal/epl-v10.html
-->
<snapshot>
  <required-capabilities>
      <capability>urn:opendaylight:params:xml:ns:yang:netconfclient:impl?module=netconfclient-impl&amp;revision=2014-12-10</capability>
      <capability>urn:opendaylight:params:xml:ns:yang:controller:md:sal:binding?module=opendaylight-md-sal-binding&amp;revision=2013-10-28</capability>
  </required-capabilities>

  <configuration>
    <data xmlns="urn:ietf:params:xml:ns:netconf:base:1.0">
      <modules xmlns="urn:opendaylight:params:xml:ns:yang:controller:config">
        <module>
          <type xmlns:prefix="urn:opendaylight:params:xml:ns:yang:netconfclient:impl">prefix:netconfclient</type>
          <name>netconfclient-default</name>
          <dom-registry>
            <type xmlns:prefix="urn:opendaylight:params:xml:ns:yang:controller:md:sal:dom">prefix:dom-broker-osgi-registry</type>
            <name>dom-broker</name>
          </dom-registry>
          <binding-registry>
            <type xmlns:binding="urn:opendaylight:params:xml:ns:yang:controller:md:sal:binding">binding:binding-broker-osgi-registry</type>
            <name>binding-osgi-broker</name>
          </binding-registry>
          <client-dispatcher>
            <type xmlns:prefix="urn:opendaylight:params:xml:ns:yang:controller:config:netconf">prefix:netconf-client-dispatcher</type>
            <name>global-netconf-dispatcher</name>
          </client-dispatcher>
          <!-- the servicies of the corresponding bundles belong to feature: odl-config-netty -->
          <event-executor>
            <type xmlns:prefix="urn:opendaylight:params:xml:ns:yang:controller:netty">prefix:netty-event-executor</type>
            <name>global-event-executor</name>
          </event-executor>
          <processing-executor>
            <type xmlns:prefix="urn:opendaylight:params:xml:ns:yang:controller:threadpool">prefix:threadpool</type>
            <name>global-netconf-processing-executor</name>
          </processing-executor>
          <keepalive-executor>
            <type xmlns:prefix="urn:opendaylight:params:xml:ns:yang:controller:threadpool">prefix:scheduled-threadpool</type>
            <name>global-netconf-ssh-scheduled-executor</name>
          </keepalive-executor>
        </module>
      </modules>

      <services xmlns="urn:opendaylight:params:xml:ns:yang:controller:config">
        <service>
          <type xmlns:prefix="urn:opendaylight:params:xml:ns:yang:netconfclient:impl">
            prefix:netconfclient-connection-service
          </type>
          <instance>
            <name>netconfclient-connection-service</name>
            <provider>/modules/module[type='netconfclient'][name='netconfclient-default']</provider>
          </instance>
        </service>
      </services>
    </data>
  </configuration>
</snapshot>
