{"directed": true, "graph": [], "nodes": [{"remoteinterface": "GigabitEthernet0/0/0/2", "group": 1, "IPAdd": "10.0.0.21", "id": "iosxrv-2"}, {"localinterface": "GigabitEthernet0/0/0/0", "group": 1, "IPAdd": "10.0.0.14", "id": "iosxrv-3"}, {"remoteinterface": "GigabitEthernet0/0/0/2", "group": 1, "IPAdd": "10.0.0.13", "id": "iosxrv-1"}], "links": [{"source": 0, "AvailableBandwidth": "995000", "target": 1, "value": "995000"}, {"source": 0, "AvailableBandwidth": "998000", "target": 2, "value": "998000"}, {"source": 1, "AvailableBandwidth": "995000", "target": 0, "value": "995000"}, {"source": 1, "AvailableBandwidth": "995000", "target": 2, "value": "995000"}, {"source": 2, "AvailableBandwidth": "998000", "target": 0, "value": "998000"}, {"source": 2, "AvailableBandwidth": "995000", "target": 1, "value": "995000"}], "multigraph": false}