{"directed": true, "graph": [], "nodes": [{"remoteinterface": "GigabitEthernet0/0/0/2", "group": 1, "IPAdd": "10.0.0.21", "id": "iosxrv-2"}, {"remoteinterface": "GigabitEthernet0/0/0/0", "group": 1, "IPAdd": "10.0.0.14", "id": "iosxrv-3"}, {"localinterface": "GigabitEthernet0/0/0/2", "group": 1, "IPAdd": "10.0.0.13", "id": "iosxrv-1"}], "links": [{"source": 0, "DownBandwidth": 5000, "target": 1, "value": 5000}, {"source": 1, "UpBandwidth": 5000, "value": 5000, "target": 0}, {"source": 1, "DownBandwidth": 5000, "target": 2, "value": 5000}, {"source": 2, "UpBandwidth": 5000, "value": 5000, "target": 1}], "multigraph": false}