{
  "nodes":[
    {"name":"xrv-1","group":1, "ip": "10.0.0.1"},
    {"name":"xrv-2","group":1, "ip": "10.0.0.1"},
    {"name":"xrv-3","group":2, "ip": "10.0.0.1" },
    {"name":"host01","group":2, "ip": "10.0.0.1"},
    {"name":"host02","group":2, "ip": "10.0.0.1"}


  ],
  "links":[
    {"source":0,"target": 1 ,"value":100},
    {"source":1,"target": 2 ,"value":100},
    {"source":2,"target": 0 ,"value":100},
    {"source":3,"target": 0 ,"value":5},
    {"source":4,"target": 1 ,"value":5}


  ]
}