<?xml version="1.0" encoding="UTF-8"?>
<!-- vi: set et smarttab sw=4 tabstop=4: -->
<!--
Copyright © 2015 Xiao Lin, Gang Zhao, Zhilan Huang and others. All rights reserved.

This program and the accompanying materials are made available under the
terms of the Eclipse Public License v1.0 which accompanies this distribution,
and is available at http://www.eclipse.org/legal/epl-v10.html
-->
<features name="odl-distributednat-${project.version}" xmlns="http://karaf.apache.org/xmlns/features/v1.2.0"
  xmlns:xsi="http://www.w3.org/2001/XMLSchema-instance"
  xsi:schemaLocation="http://karaf.apache.org/xmlns/features/v1.2.0 http://karaf.apache.org/xmlns/features/v1.2.0">
  <repository>mvn:org.opendaylight.yangtools/features-yangtools/${yangtools.version}/xml/features</repository>
  <repository>mvn:org.opendaylight.controller/features-mdsal/${mdsal.version}/xml/features</repository>
  <repository>mvn:org.opendaylight.mdsal.model/features-mdsal-model/${mdsal.model.version}/xml/features</repository>
  <repository>mvn:org.opendaylight.netconf/features-restconf/${restconf.version}/xml/features</repository>
  <repository>mvn:org.opendaylight.dlux/features-dlux/${dlux.version}/xml/features</repository>
  <repository>mvn:org.opendaylight.l2switch/features-l2switch/0.4.0-SNAPSHOT/xml/features</repository>
  <repository>mvn:org.opendaylight.openflowplugin/features-openflowplugin/0.3.0-SNAPSHOT/xml/features</repository>
  <feature name='odl-distributednat-api' version='${project.version}' description='OpenDaylight :: distributednat :: api'>
    <feature version='${mdsal.model.version}'>odl-mdsal-models</feature>
    <bundle>mvn:org.opendaylight.distributednat/distributednat-api/{{VERSION}}</bundle>
    <bundle>mvn:org.opendaylight.l2switch.packethandler/packethandler-model/0.4.0-SNAPSHOT</bundle>
    <bundle>mvn:org.opendaylight.l2switch.packethandler/packethandler-impl/0.4.0-SNAPSHOT</bundle>
  </feature>
  <feature name='odl-distributednat' version='${project.version}' description='OpenDaylight :: distributednat'>
    <feature version='0.3.0-SNAPSHOT'>odl-openflowplugin-southbound</feature>
    <feature version='0.3.0-SNAPSHOT'>odl-openflowplugin-flow-services</feature>
    <feature version='0.4.0-SNAPSHOT'>odl-l2switch-packethandler</feature>
    <feature version='0.4.0-SNAPSHOT'>odl-l2switch-switch</feature>
    <feature version='${mdsal.version}'>odl-mdsal-broker</feature>
    <feature version='${project.version}'>odl-distributednat-api</feature>
    <bundle>mvn:org.opendaylight.distributednat/distributednat-impl/{{VERSION}}</bundle>
    <configfile finalname="${configfile.directory}/distributednat.xml">mvn:org.opendaylight.distributednat/distributednat-impl/{{VERSION}}/xml/config</configfile>
  </feature>
  <feature name='odl-distributednat-rest' version='${project.version}' description='OpenDaylight :: distributednat :: REST'>
    <feature version="${project.version}">odl-distributednat</feature>
    <feature version="${restconf.version}">odl-restconf</feature>
  </feature>
  <feature name='odl-distributednat-ui' version='${project.version}' description='OpenDaylight :: distributednat :: UI'>
    <feature version="${project.version}">odl-distributednat-rest</feature>
    <feature version="${restconf.version}">odl-mdsal-apidocs</feature>
    <feature version="${mdsal.version}">odl-mdsal-xsql</feature>
    <feature version="${dlux.version}">odl-dlux-yangui</feature>
  </feature>
</features>
