<?xml version="1.0" encoding="UTF-8"?>

<features name="odl-toaster-${project.version}" xmlns="http://karaf.apache.org/xmlns/features/v1.2.0"
   xmlns:xsi="http://www.w3.org/2001/XMLSchema-instance"
   xsi:schemaLocation="http://karaf.apache.org/xmlns/features/v1.2.0 http://karaf.apache.org/xmlns/features/v1.2.0">

    <!-- TODO: Keith's file was windows format, I grabbed another sample file, ?convert? his file to unix format -->
    <!-- TODO: Keith's file had a bunch of instructions so need to add them  -->
    <!-- TODO: for any repo dependencies, add an entry in the features/pom.xml dependency section -->
    <repository>mvn:org.opendaylight.yangtools/features-yangtools/${yangtools.version}/xml/features</repository>
    <repository>mvn:org.opendaylight.controller/features-mdsal/${controller.mdsal.version}/xml/features</repository>
    <!--<repository>mvn:org.opendaylight.controller/features-restconf/${controller.restconf.version}/xml/features</repository>-->

    <!-- TODO: for any feature dependencies, add an entry in the features/pom.xml dependency section -->

    <feature name='odl-toaster-api' version='${project.version}' description='OpenDaylight :: toaster :: API'>
        <feature version='${yangtools.version}'>odl-yangtools-common</feature>
        <feature version='${yangtools.version}'>odl-yangtools-binding</feature>
        <!--<feature version='${controller.mdsal.version}'>odl-mdsal-broker</feature>-->
        <!--<feature version='${restconf.version}'>odl-restconf</feature>-->
        <bundle>mvn:org.opendaylight.toaster/toaster-api/${project.version}</bundle>
    </feature>

    <feature name='odl-toaster-impl' version='${project.version}' description='OpenDaylight :: toaster :: Impl'>
        <!--<feature version='${yangtools.version}'>odl-yangtools-common</feature>-->
        <!--<feature version='${yangtools.version}'>odl-yangtools-binding</feature>-->
        <feature version='${controller.mdsal.version}'>odl-mdsal-broker</feature>
        <feature version='${project.version}'>odl-toaster-api</feature>
        <!--<feature version='${restconf.version}'>odl-restconf</feature>-->
        <bundle>mvn:org.opendaylight.toaster/toaster-impl/${project.version}</bundle>
        <configfile finalname="toaster-impl-config.xml">mvn:org.opendaylight.toaster/toaster-impl/${project.version}/xml/config</configfile>
    </feature>

    <feature name='odl-toaster-consumer' version='${project.version}' description='OpenDaylight :: toaster :: Consumer'>
        <!--<feature version='${yangtools.version}'>odl-yangtools-common</feature>-->
        <!--<feature version='${yangtools.version}'>odl-yangtools-binding</feature>-->
        <feature version='${controller.mdsal.version}'>odl-mdsal-broker</feature>
        <feature version='${project.version}'>odl-toaster-api</feature>
        <!--<feature version='${restconf.version}'>odl-restconf</feature>-->
        <bundle>mvn:org.opendaylight.toaster/toaster-consumer/${project.version}</bundle>
    </feature>
</features>
