<?xml version="1.0" encoding="UTF-8"?>
<!-- vi: set et smarttab sw=4 tabstop=4: -->
<!--
Copyright (c) 2014 Cisco Systems, Inc. and others.  All rights reserved.

This program and the accompanying materials are made available under the
terms of the Eclipse Public License v1.0 which accompanies this distribution,
and is available at http://www.eclipse.org/legal/epl-v10.html
-->
<snapshot>
    <!-- see https://wiki.opendaylight.org/view/OpenDaylight_Controller:Config:Main -->
    <!-- if there are config-pusher exceptions in the karaf log, you may need to fix the required capabilities section -->
    <required-capabilities>
        <capability>urn:opendaylight:params:xml:ns:yang:toaster:impl:config?module=toaster-impl-config&amp;revision=2014-12-10</capability>
        <capability>urn:opendaylight:params:xml:ns:yang:controller:md:sal:binding?module=opendaylight-md-sal-binding&amp;revision=2013-10-28</capability>
    </required-capabilities>
    <configuration>

        <data xmlns="urn:ietf:params:xml:ns:netconf:base:1.0">
            <modules xmlns="urn:opendaylight:params:xml:ns:yang:controller:config">
                <module>
                    <type xmlns:prefix="urn:opendaylight:params:xml:ns:yang:toaster:impl:config">prefix:toaster-impl-config</type>
                    <name>toaster-impl</name>
                    <binding-aware-broker>
                        <type xmlns:binding="urn:opendaylight:params:xml:ns:yang:controller:md:sal:binding">binding:binding-broker-osgi-registry</type>
                        <name>binding-osgi-broker</name>
                    </binding-aware-broker>
                </module>
            </modules>
        </data>
    </configuration>
</snapshot>
