<blueprint xmlns="http://www.osgi.org/xmlns/blueprint/v1.0.0">
    <reference id="httpService" availability="mandatory" activation="eager" interface="org.osgi.service.http.HttpService"/>
    <reference id="loader" availability="mandatory" activation="eager" interface="org.opendaylight.dlux.loader.DluxModuleLoader"/>

    <bean id="bundle" init-method="initialize" destroy-method="clean" class="org.opendaylight.dlux.loader.DluxModule">
        <property name="httpService" ref="httpService"/>
        <property name="loader" ref="loader"/>
        <property name="moduleName" value="dluxDemo"/>
        <property name="url" value="/src/app/dluxDemo"/>
        <property name="directory" value="/dluxDemo"/>
        <property name="requireJs" value="app/dluxDemo/dluxDemo.module"/>
        <property name="angularJs" value="app.dluxDemo"/>
        <property name="cssDependencies">
            <list>
                <value>src/app/dluxDemo/dluxDemo-custom.css</value>
            </list>
        </property>
    </bean>
</blueprint>