<?xml version="1.0" encoding="UTF-8"?>
<beans default-lazy-init="true"
	xmlns="http://www.springframework.org/schema/beans"
	xmlns:p="http://www.springframework.org/schema/p"
	 xmlns:xsi="http://www.w3.org/2001/XMLSchema-instance"
	xmlns:context="http://www.springframework.org/schema/context"
	xmlns:mvc="http://www.springframework.org/schema/mvc"
	xmlns:task="http://www.springframework.org/schema/task"
	xsi:schemaLocation=" 
       http://www.springframework.org/schema/beans   
       http://www.springframework.org/schema/beans/spring-beans-3.0.xsd  
       http://www.springframework.org/schema/mvc   
       http://www.springframework.org/schema/mvc/spring-mvc-3.0.xsd   
       http://www.springframework.org/schema/context  
       http://www.springframework.org/schema/context/spring-context-3.0.xsd
       http://www.springframework.org/schema/task
       http://www.springframework.org/schema/task/spring-task-4.0.xsd">

	<context:component-scan base-package="org.odl" />

	<mvc:annotation-driven />

	<bean id="viewResolver"
		class="org.springframework.web.servlet.view.InternalResourceViewResolver">
		<property name="viewClass"
			value="org.springframework.web.servlet.view.JstlView" />
		<property name="prefix" value="/WEB-INF/pages/" />
		<property name="suffix" value=".jsp"></property>
	</bean>

	<bean id="multipartResolver"
		class="org.springframework.web.multipart.commons.CommonsMultipartResolver"
		p:defaultEncoding="UTF-8" />
		
	<task:annotation-driven/> 
</beans>  