<?xml version="1.0" encoding="UTF-8"?>
<!-- vi: set et smarttab sw=4 tabstop=4: -->
<!--
bootcamp

This program and the accompanying materials are made available under the
terms of the Eclipse Public License v1.0 which accompanies this distribution,
and is available at http://www.eclipse.org/legal/epl-v10.html
-->
<features name="odl-auto-upgrade-isolation-${project.version}" xmlns="http://karaf.apache.org/xmlns/features/v1.2.0"
  xmlns:xsi="http://www.w3.org/2001/XMLSchema-instance"
  xsi:schemaLocation="http://karaf.apache.org/xmlns/features/v1.2.0 http://karaf.apache.org/xmlns/features/v1.2.0">
  <repository>mvn:org.opendaylight.yangtools/features-yangtools/${yangtools.version}/xml/features</repository>
  <repository>mvn:org.opendaylight.controller/features-mdsal/${mdsal.version}/xml/features</repository>
  <repository>mvn:org.opendaylight.controller/features-restconf/${mdsal.version}/xml/features</repository>
  <repository>mvn:com.bootcamp.sdn/auto-upgrade-commons-features/${project.version}/xml/features</repository>
  
  <feature name='odl-auto-upgrade-isolation-api' version='${project.version}' description='OpenDaylight :: auto-upgrade-isolation :: api'>
    <feature version='${yangtools.version}'>odl-yangtools-models</feature>
    <feature version='${project.version}'>odl-auto-upgrade-commons</feature>
    <bundle>mvn:com.bootcamp.sdn/auto-upgrade-isolation-api/${project.version}</bundle>
  </feature>
  <feature name='odl-auto-upgrade-isolation' version='${project.version}' description='OpenDaylight :: auto-upgrade-isolation'>
    <feature version='${mdsal.version}'>odl-mdsal-broker</feature>
    <feature version='${project.version}'>odl-auto-upgrade-isolation-api</feature>
    <feature version='${project.version}'>odl-netconfclient-rest</feature>
    <bundle>mvn:com.bootcamp.sdn/auto-upgrade-isolation-impl/${project.version}</bundle>
    <configfile finalname="${configfile.directory}/50-isolation-service.xml">mvn:com.bootcamp.sdn/auto-upgrade-isolation-impl/${project.version}/xml/config</configfile>
  </feature>
  
  <feature name='odl-auto-upgrade-isolation-rest' version='${project.version}' description='OpenDaylight :: auto-upgrade-isolation :: REST'>
    <feature version="${project.version}">odl-auto-upgrade-isolation</feature>
    <feature version="${mdsal.version}">odl-restconf</feature>
  </feature>

</features>
