<?xml version="1.0" encoding="UTF-8"?>
<!-- vi: set et smarttab sw=4 tabstop=4: -->
<!--
Copyright © 2015 Xiao Lin, Gang Zhao, Zhilan Huang and others. All rights reserved.

This program and the accompanying materials are made available under the
terms of the Eclipse Public License v1.0 which accompanies this distribution,
and is available at http://www.eclipse.org/legal/epl-v10.html
-->
<snapshot>
  <required-capabilities>
      <capability>urn:opendaylight:params:xml:ns:yang:distributednat:impl?module=distributednat-impl&amp;revision=2014-12-10</capability>
      <capability>urn:opendaylight:params:xml:ns:yang:controller:md:sal:binding?module=opendaylight-md-sal-binding&amp;revision=2013-10-28</capability>
  </required-capabilities>
  <configuration>

    <data xmlns="urn:ietf:params:xml:ns:netconf:base:1.0">
      <modules xmlns="urn:opendaylight:params:xml:ns:yang:controller:config">
        <module>
          <type xmlns:prefix="urn:opendaylight:params:xml:ns:yang:distributednat:impl">prefix:distributednat</type>
          <name>distributednat-default</name>
          <broker>
            <type xmlns:binding="urn:opendaylight:params:xml:ns:yang:controller:md:sal:binding">binding:binding-broker-osgi-registry</type>
            <name>binding-osgi-broker</name>
          </broker>
          <notification-service>
            <type xmlns:binding="urn:opendaylight:params:xml:ns:yang:controller:md:sal:binding">
              binding:binding-notification-service
            </type>
            <name>binding-notification-broker</name>
          </notification-service>
        </module>
      </modules>
    </data>
  </configuration>
</snapshot>
