<?xml version="1.0" encoding="UTF-8"?>
<!-- vi: set et smarttab sw=4 tabstop=4: -->
<!--
 Copyright (c) 2013 Cisco Systems, Inc. and others.  All rights reserved.

 This program and the accompanying materials are made available under the
 terms of the Eclipse Public License v1.0 which accompanies this distribution,
 and is available at http://www.eclipse.org/legal/epl-v10.html
-->
<snapshot>
  <configuration>
    <data xmlns="urn:ietf:params:xml:ns:netconf:base:1.0">
      <modules xmlns="urn:opendaylight:params:xml:ns:yang:controller:config">
        <module>
          <type xmlns:prefix="urn:opendaylight:params:xml:ns:yang:controller:md:sal:connector:netconf">prefix:sal-netconf-connector</type>
          <name>xrv2</name>
          <address xmlns="urn:opendaylight:params:xml:ns:yang:controller:md:sal:connector:netconf">172.16.1.58</address>
          <port xmlns="urn:opendaylight:params:xml:ns:yang:controller:md:sal:connector:netconf">830</port>
          <username xmlns="urn:opendaylight:params:xml:ns:yang:controller:md:sal:connector:netconf">cisco</username>
          <password xmlns="urn:opendaylight:params:xml:ns:yang:controller:md:sal:connector:netconf">cisco</password>
          <tcp-only xmlns="urn:opendaylight:params:xml:ns:yang:controller:md:sal:connector:netconf">false</tcp-only>
          <reconnect-on-changed-schema>true</reconnect-on-changed-schema>
          <event-executor xmlns="urn:opendaylight:params:xml:ns:yang:controller:md:sal:connector:netconf">
            <type xmlns:prefix="urn:opendaylight:params:xml:ns:yang:controller:netty">prefix:netty-event-executor</type>
            <name>global-event-executor</name>
          </event-executor>
          <binding-registry xmlns="urn:opendaylight:params:xml:ns:yang:controller:md:sal:connector:netconf">
            <type xmlns:prefix="urn:opendaylight:params:xml:ns:yang:controller:md:sal:binding">prefix:binding-broker-osgi-registry</type>
            <name>binding-osgi-broker</name>
          </binding-registry>
          <dom-registry xmlns="urn:opendaylight:params:xml:ns:yang:controller:md:sal:connector:netconf">
            <type xmlns:prefix="urn:opendaylight:params:xml:ns:yang:controller:md:sal:dom">prefix:dom-broker-osgi-registry</type>
            <name>dom-broker</name>
          </dom-registry>
          <client-dispatcher xmlns="urn:opendaylight:params:xml:ns:yang:controller:md:sal:connector:netconf">
            <type xmlns:prefix="urn:opendaylight:params:xml:ns:yang:controller:config:netconf">prefix:netconf-client-dispatcher</type>
            <name>global-netconf-dispatcher</name>
          </client-dispatcher>
          <processing-executor xmlns="urn:opendaylight:params:xml:ns:yang:controller:md:sal:connector:netconf">
            <type xmlns:prefix="urn:opendaylight:params:xml:ns:yang:controller:threadpool">prefix:threadpool</type>
            <name>global-netconf-processing-executor</name>
          </processing-executor>
        </module>
        <module>
          <type xmlns:prefix="urn:opendaylight:params:xml:ns:yang:controller:md:sal:connector:netconf">prefix:sal-netconf-connector</type>
          <name>xrv1</name>
          <address xmlns="urn:opendaylight:params:xml:ns:yang:controller:md:sal:connector:netconf">172.16.1.59</address>
          <port xmlns="urn:opendaylight:params:xml:ns:yang:controller:md:sal:connector:netconf">830</port>
          <username xmlns="urn:opendaylight:params:xml:ns:yang:controller:md:sal:connector:netconf">cisco</username>
          <password xmlns="urn:opendaylight:params:xml:ns:yang:controller:md:sal:connector:netconf">cisco</password>
          <tcp-only xmlns="urn:opendaylight:params:xml:ns:yang:controller:md:sal:connector:netconf">false</tcp-only>
          <reconnect-on-changed-schema>true</reconnect-on-changed-schema>
          <event-executor xmlns="urn:opendaylight:params:xml:ns:yang:controller:md:sal:connector:netconf">
            <type xmlns:prefix="urn:opendaylight:params:xml:ns:yang:controller:netty">prefix:netty-event-executor</type>
            <name>global-event-executor</name>
          </event-executor>
          <binding-registry xmlns="urn:opendaylight:params:xml:ns:yang:controller:md:sal:connector:netconf">
            <type xmlns:prefix="urn:opendaylight:params:xml:ns:yang:controller:md:sal:binding">prefix:binding-broker-osgi-registry</type>
            <name>binding-osgi-broker</name>
          </binding-registry>
          <dom-registry xmlns="urn:opendaylight:params:xml:ns:yang:controller:md:sal:connector:netconf">
            <type xmlns:prefix="urn:opendaylight:params:xml:ns:yang:controller:md:sal:dom">prefix:dom-broker-osgi-registry</type>
            <name>dom-broker</name>
          </dom-registry>
          <client-dispatcher xmlns="urn:opendaylight:params:xml:ns:yang:controller:md:sal:connector:netconf">
            <type xmlns:prefix="urn:opendaylight:params:xml:ns:yang:controller:config:netconf">prefix:netconf-client-dispatcher</type>
            <name>global-netconf-dispatcher</name>
          </client-dispatcher>
          <processing-executor xmlns="urn:opendaylight:params:xml:ns:yang:controller:md:sal:connector:netconf">
            <type xmlns:prefix="urn:opendaylight:params:xml:ns:yang:controller:threadpool">prefix:threadpool</type>
            <name>global-netconf-processing-executor</name>
          </processing-executor>
        </module>
      </modules>
    </data>
  </configuration>
  <required-capabilities>
      <capability>urn:opendaylight:params:xml:ns:yang:controller:md:sal:connector:netconf?module=odl-sal-netconf-connector-cfg&amp;revision=2013-10-28</capability>
  </required-capabilities>
</snapshot>
