<?xml version="1.0" encoding="UTF-8"?>
<!-- vi: set et smarttab sw=4 tabstop=4: -->
<!--
bootcamp

This program and the accompanying materials are made available under the
terms of the Eclipse Public License v1.0 which accompanies this distribution,
and is available at http://www.eclipse.org/legal/epl-v10.html
-->
<features name="odl-auto-upgrade-commons-${project.version}" xmlns="http://karaf.apache.org/xmlns/features/v1.2.0"
  xmlns:xsi="http://www.w3.org/2001/XMLSchema-instance"
  xsi:schemaLocation="http://karaf.apache.org/xmlns/features/v1.2.0 http://karaf.apache.org/xmlns/features/v1.2.0">
  
  <repository>mvn:org.opendaylight.yangtools/features-yangtools/${yangtools.version}/xml/features</repository>
  <repository>mvn:org.opendaylight.controller/features-mdsal/${mdsal.version}/xml/features</repository>
  
  <feature name='odl-auto-upgrade-commons' version='${project.version}' description='OpenDaylight :: auto-upgrade-commons :: commons'>
    <feature version='${yangtools.version}'>odl-yangtools-models</feature>
    <feature version='${mdsal.version}'>odl-mdsal-broker</feature>
    <bundle>mvn:com.bootcamp.sdn/jcraft-lib/${project.version}</bundle>
    <bundle>mvn:com.bootcamp.sdn/auto-upgrade-model/${project.version}</bundle>
  </feature>

</features>
